observed_edges,null_mean,null_std,empirical_p_value
28,0.008,0.08908422980528034,0.00398406374501992
